term,frequency
primary suite,339
car garage,329
floor plan,319
living room,294
living space,282
natural light,270
move in ready,197
walk in closet,187
dining area,186
stainless steel,183
square feet,177
sq ft,175
shopping dining,173
conveniently located,169
everyday living,160
steel appliances,156
stainless steel appliances,156
open concept,153
s most,149
located near,148
resort style,146
bedroom bath,136
just minutes,135
outdoor living,134
family room,133
thoughtfully designed,130
two car,128
living area,127
laundry room,126
easy access,123
sought after,123
indoor outdoor,119
bedroom bathroom,118
don t,117
brand new,111
opportunity to own,110
two car garage,109
spacious primary,106
kitchen features,105
single story,104
quartz countertops,103
en suite,101
living spaces,101
granite countertops,100
rare opportunity,99
approximately square,99
conveniently located near,99
step outside,98
open floor,96
year round,95
t miss,94
don t miss,94
open floor plan,94
low maintenance,93
recessed lighting,92
spacious primary suite,91
abundant natural,91
abundant natural light,90
soaking tub,89
living and entertaining,88
living areas,88
mountain views,87
main level,87
gated community,87
los angeles,86
dining room,85
ideally located,84
spacious living,84
whether you re,84
chef s,83
highlights include,83
convenient access,83
bedrooms bathrooms,82
approximately square feet,81
perfect blend,81
pool and spa,80
amenities including,80
vaulted ceilings,80
own private,79
full bathroom,78
offers the perfect,77
additional highlights,76
cul de,76
primary bedroom,76
walk in shower,76
direct access,75
additional highlights include,74
center island,74
step inside,74
beautifully maintained,74
great room,74
de sac,73
cul de sac,73
covered patio,73
additional bedrooms,73
light filled,72
s kitchen,72
beautifully updated,72
living and dining,72
morning coffee,72
highly desirable,70
chef s kitchen,70
features include,70
water heater,70
plenty of room,70
main living,69
square foot,69
most desirable,68
washer and dryer,67
sliding glass,66
first time,65
indoor outdoor living,65
suite offers,64
single level,63
private backyard,62
flooring throughout,61
golf course,61
fitness center,61
comfortable living,61
full bath,61
bright open,60
spacious bedrooms,60
pane windows,60
glass doors,59
primary suite offers,59
remodeled kitchen,59
tile flooring,59
high ceilings,59
residence offers,59
well maintained,58
two additional,57
solar panels,57
generously sized,57
pool spa,57
designed for both,56
updated kitchen,56
school district,56
beautifully remodeled,55
energy efficiency,54
formal dining,54
s most desirable,54
freeway access,53
southern california,53
private retreat,53
private balcony,53
two story,52
located just,52
private patio,52
fresh interior,52
full bathrooms,52
custom cabinetry,51
high end,50
corner lot,50
additional features,50
interior paint,50
features bedrooms,49
counter space,49
cozy fireplace,48
residents enjoy,48
bedrooms and bathrooms,48
fruit trees,48
long term,48
gourmet kitchen,48
dual pane,48
peace of mind,48
luxury vinyl,47
extended family,47
custom built,46
soaring ceilings,46
bonus room,46
both everyday,46
additional storage,46
more than,46
most sought,46
most sought after,46
owned solar,45
dual pane windows,45
french doors,45
flows seamlessly,45
community amenities,45
style amenities,45
resort style amenities,45
hardwood floors,45
additional features include,45
san diego,45
multi generational,44
outdoor space,44
sparkling pool,44
ll find,44
attached car,43
single family,43
award winning,43
spacious living room,43
tucked away,43
community pool,42
family and friends,42
dining areas,42
plank flooring,42
highly sought,42
highly sought after,42
attached car garage,41
near shopping,41
major freeways,41
spa inspired,41
filled with natural,41
just steps,41
opportunity to enjoy,41
residence features,41
attached garage,41
seamlessly into,41
laminate flooring,41
swimming pool,41
suite bathroom,40
kitchen offers,40
walk in pantry,40
ideally situated,40
walking distance,40
flexibility for guests,40
new flooring,40
floor to ceiling,40
located within,40
multigenerational living,40
dual vanities,40
everyday convenience,40
breakfast bar,39
sliding glass doors,39
country club,39
today s,39
both everyday living,39
concept floor,39
open concept floor,39
one bedroom,39
hardwood flooring,39
tennis courts,39
en suite bathroom,38
walk in closets,38
concept floor plan,38
finishes throughout,38
feet of living,38
amenities include,38
suite bath,38
exceptional opportunity,38
just moments,38
offers approximately,38
top rated,38
located near shopping,37
modern living,37
first floor,37
two additional bedrooms,37
perfect for entertaining,37
en suite bath,37
three bedrooms,37
parking spaces,37
suite includes,37
schools shopping,37
powder room,37
panoramic views,36
media room,36
perfect setting,36
blend of comfort,36
fresh interior paint,36
lower level,36
generational living,36
multi generational living,36
attached two,36
attached two car,36
excellent opportunity,35
concept living,35
open concept living,35
no hoa,35
curb appeal,35
plantation shutters,35
upgrades include,35
offers a rare,35
mature landscaping,35
two bedrooms,35
wood burning,35
new roof,35
ample storage,35
mature trees,35
air conditioning,34
solar system,34
beautifully appointed,34
offers bedrooms,34
full time,34
second floor,34
main residence,34
hiking trails,34
rv parking,34
open living,34
primary suite includes,34
flows seamlessly into,34
tankless water,34
beverly hills,34
spacious bedroom,33
rental income,33
kitchen featuring,33
countertops stainless,33
vinyl plank,33
comfort convenience,33
suite features,33
second bedroom,33
large walk,33
abundant cabinetry,33
guest parking,33
bedrooms and two,33
s most sought,33
well appointed,33
tankless water heater,33
additional living,33
near shopping dining,32
formal living,32
thoughtfully updated,32
countertops stainless steel,32
all new,32
paid off,32
end unit,32
won t,32
style living,32
modern finishes,32
plenty of space,32
added convenience,32
outdoor dining,32
central air,31
closet space,31
square footage,31
flexible living,31
half bath,31
room features,31
bedroom and full,31
breakfast nook,31
ideal for guests,31
endless possibilities,31
bed bath,30
exterior paint,30
approximately sq,30
approximately sq ft,30
palm springs,30
style amenities including,30
functional floor,30
functional floor plan,30
side yard,30
abundant storage,30
fire pit,30
offers approximately square,30
resort style living,30
come together,30
front yard,30
family guests,30
dining and living,30
energy efficient,30
ideally located near,29
wet bar,29
three car,29
spa like,29
expansive windows,29
parking space,29
luxury vinyl plank,29
vinyl plank flooring,29
off solar,29
modern comfort,29
wood flooring,29
every room,29
inviting living,29
hoa dues,29
glass door,29
acre lot,29
re looking,29
rare combination,29
primary suite features,29
ceiling fans,28
great opportunity,28
also includes,28
seamless indoor,28
seamless indoor outdoor,28
desert living,28
parks shopping,28
designed living,28
game room,28
paid off solar,28
comfortable living space,28
pickleball courts,28
minutes away,28
creating the perfect,28
unit laundry,28
added privacy,28
unified school,28
unified school district,28
indoor laundry,28
hot tub,28
dual sinks,27
quiet cul,27
both bathrooms,27
quiet cul de,27
located just minutes,27
dining shopping,27
every detail,27
large windows,27
commuter routes,27
natural beauty,27
appointed kitchen,27
plan features,27
thoughtfully designed living,27
tree lined,27
washer dryer,27
new construction,27
granite counters,27
concept layout,27
open concept layout,27
car attached,27
formal dining room,27
guest house,27
fully fenced,27
upper level,27
ft lot,27
sq ft lot,27
sliding doors,27
dining parks,27
shopping dining parks,27
secondary bedroom,26
laundry area,26
sitting area,26
orange county,26
peaceful retreat,26
generous living,26
prime location,26
designed living space,26
burning fireplace,26
hvac system,26
relaxing or entertaining,26
t want,26
want to miss,26
car attached garage,26
buyer to verify,26
walking trails,26
feels like,26
much more,26
mid century,26
offers exceptional,25
exceptional privacy,25
sub zero,25
ample space,25
front door,25
their own,25
floor plan features,25
inside you ll,25
schedule your private,25
lake arrowhead,25
doors open,25
rated schools,25
featuring bedrooms,25
sliding glass door,25
outdoor entertaining,25
outdoor kitchen,25
centrally located,25
beautifully upgraded,25
three car garage,24
open layout,24
beautifully landscaped,24
wood burning fireplace,24
big bear,24
investment opportunity,24
perfect for relaxing,24
storage space,24
effortless entertaining,24
fresh paint,24
crown molding,24
close to shopping,24
both comfort,24
offers a private,24
enjoy access,23
private primary,23
third bedroom,23
ideal for entertaining,23
functional layout,23
within walking,23
within walking distance,23
modern upgrades,23
schools parks,23
beautifully renovated,23
backyard offers,23
shopping and dining,23
modern design,23
level features,23
also features,23
come see,23
outdoor spaces,23
extra storage,23
condo offers,23
won t want,23
guest suite,23
kitchen dining,23
interior and exterior,23
low hoa,23
so much,23
feet of thoughtfully,23
built ins,23
large center,23
large center island,23
additional living space,23
