abbreviation,expanded_form
br,bedroom
bdrm,bedroom
bdrms,bedrooms
bd,bedroom
beds,bedrooms
ba,bathroom
bth,bathroom
bths,bathrooms
baths,bathrooms
mbr,primary bedroom
mstr br,primary bedroom
mstr bdrm,primary bedroom
mbdrm,primary bedroom
mbath,primary bathroom
mstr ba,primary bathroom
sqft,square feet
sq ft,square feet
sf,square feet
sq. ft.,square feet
w/,with
w/o,without
w/d,washer dryer
a/c,air conditioning
ac,air conditioning
hvac,heating ventilation air conditioning
fp,fireplace
fplc,fireplace
gar,garage
att gar,attached garage
det gar,detached garage
bsmt,basement
fin bsmt,finished basement
unfin bsmt,unfinished basement
lr,living room
dr,dining room
fam rm,family room
fr,family room
kit,kitchen
lndry,laundry
lau,laundry
hoa,homeowners association
apt,apartment
condo,condominium
yr,year
yrs,years
mo,month
mos,months
approx,approximately
incl,including
excl,excluding
pkg,parking
prkg,parking
st,street
ave,avenue
blvd,boulevard
rd,road
ct,court
ln,lane
hwy,highway
pkwy,parkway
