L_ListingID,remarks_original,remarks_cleaned,changed
1190122787,"Welcome to this gorgeous, one-of-a-kind upgraded two-story townhome nestled in the peaceful and serene Ponderosa Creek community, where meandering streams and tranquil water features create a truly inviting setting.  A short flight of stairs leads to the front patio and the light-filled, open-concept living room, featuring a cozy fireplace and sliding glass doors opening to the private front deck. The beautifully remodeled chef's kitchen showcases quartz countertops, custom tile backsplash, custom cabinetry, stainless steel appliances, and a convenient breakfast bar overlooking the dining area.  The spacious primary suite offers an upgraded en-suite bathroom with dual sinks, quartz countertops, and a custom-tiled shower. A secondary bedroom features a mirrored closet, while the upgraded hall bathroom boasts a stylish tile surround and beautiful furniture-style vanity.  Upstairs, an oversized loft provides the perfect flexible space for a home office, guest area, or relaxing retreat and opens to a private roof deck--ideal for enjoying the peaceful surroundings. Additional highlights include a laundry area, central air conditioning, ceiling fans, and a detached two-car garage.  Residents enjoy access to the community pool and spa. Ideally located near shopping, dining, entertainment, and convenient freeway access, this exceptional townhome offers comfort, style, and a serene lifestyle in a highly desirable setting.","Welcome to this gorgeous, one-of-a-kind upgraded two-story townhome nestled in the peaceful and serene Ponderosa Creek community, where meandering streams and tranquil water features create a truly inviting setting. A short flight of stairs leads to the front patio and the light-filled, open-concept living room, featuring a cozy fireplace and sliding glass doors opening to the private front deck. The beautifully remodeled chef's kitchen showcases quartz countertops, custom tile backsplash, custom cabinetry, stainless steel appliances, and a convenient breakfast bar overlooking the dining area. The spacious primary suite offers an upgraded en-suite bathroom with dual sinks, quartz countertops, and a custom-tiled shower. A secondary bedroom features a mirrored closet, while the upgraded hall bathroom boasts a stylish tile surround and beautiful furniture-style vanity. Upstairs, an oversized loft provides the perfect flexible space for a home office, guest area, or relaxing retreat and opens to a private roof deck--ideal for enjoying the peaceful surroundings. Additional highlights include a laundry area, central air conditioning, ceiling fans, and a detached two-car garage. Residents enjoy access to the community pool and spa. Ideally located near shopping, dining, entertainment, and convenient freeway access, this exceptional townhome offers comfort, style, and a serene lifestyle in a highly desirable setting.",True
1190321159,"Welcome to this beautifully updated home in Gardena, offering a comfortable and versatile floor plan with 3 bedrooms, 2 bathrooms, plus an office. Situated at the end of a quiet cul-de-sac, the property offers a welcoming sense of privacy along with a long driveway, charming courtyard entry and excellent potential for ADU adding flexibility for future rental income.

Inside, the home features wide-plank, wood-tone luxury vinyl flooring throughout, creating a warm and cohesive look. The newly remodeled kitchen showcases modern cabinetry, crisp white countertops, and a spacious center island that opens directly to the family room—an ideal layout for everyday living, entertaining, and gathering with family and friends.

Both bathrooms have been thoughtfully remodeled with contemporary vanities and stylish finishes, adding a fresh, modern touch to the home. The additional office provides flexibility for a home workspace, study, or potential fourth sleeping area depending on your needs.

The desirable cul-de-sac location, spacious driveway, courtyard, open kitchen-to-family-room design, and extensive recent updates make this home an excellent opportunity for those seeking a move-in-ready property with No HOA in Gardena. Conveniently located with easy access to major freeways, shopping, dining, schools, and nearby South Bay communities.","Welcome to this beautifully updated home in Gardena, offering a comfortable and versatile floor plan with 3 bedrooms, 2 bathrooms, plus an office. Situated at the end of a quiet cul-de-sac, the property offers a welcoming sense of privacy along with a long driveway, charming courtyard entry and excellent potential for ADU adding flexibility for future rental income. Inside, the home features wide-plank, wood-tone luxury vinyl flooring throughout, creating a warm and cohesive look. The newly remodeled kitchen showcases modern cabinetry, crisp white countertops, and a spacious center island that opens directly to the family room-an ideal layout for everyday living, entertaining, and gathering with family and friends. Both bathrooms have been thoughtfully remodeled with contemporary vanities and stylish finishes, adding a fresh, modern touch to the home. The additional office provides flexibility for a home workspace, study, or potential fourth sleeping area depending on your needs. The desirable cul-de-sac location, spacious driveway, courtyard, open kitchen-to-family-room design, and extensive recent updates make this home an excellent opportunity for those seeking a move-in-ready property with No homeowners association in Gardena. Conveniently located with easy access to major freeways, shopping, dining, schools, and nearby South Bay communities.",True
1181615148,"Welcome to this charming single-family home in the city of Pomona! A great opportunity for first-time buyers. This home features 4 bedrooms and 2 bathrooms. Both bathrooms were remodeled a few years ago. Sqft 1081, lot size is 6280. The kitchen offers granite countertops and plenty cabinets. Ceramic tile flooring throughout the home. The property also includes a detached two-car garage and a large back patio, perfect for family gatherings and entertaining. Don’t miss this great opportunity to make this home your own!","Welcome to this charming single-family home in the city of Pomona! A great opportunity for first-time buyers. This home features 4 bedrooms and 2 bathrooms. Both bathrooms were remodeled a few years ago. square feet 1081, lot size is 6280. The kitchen offers granite countertops and plenty cabinets. Ceramic tile flooring throughout the home. The property also includes a detached two-car garage and a large back patio, perfect for family gatherings and entertaining. Don't miss this great opportunity to make this home your own!",True
1159059243,"South-facing on over half an acre, this contemporary estate offers exceptional privacy and sweeping mountain views. A gated courtyard with manicured landscaping, paved walkway, and tranquil water feature set the tone for the home's refined design.Inside, soaring 14-foot coffered ceilings frame the formal living and dining areas, anchored by a see-through fireplace. Automated Fleetwood pocket doors create seamless indoor-outdoor living, opening to expansive entertaining spaces.The chef's kitchen flows effortlessly into the family room and features rich walnut cabinetry, a granite island, and Wolf, Thermador, and Sub-Zero appliances, along with a walk-in pantry. A casual dining area and dedicated bar overlook the lush grounds through walls of glass, while a second set of Fleetwood doors leads to a covered patio with fireplace, resort-style pool and spa, fruit trees, and stunning southwest mountain vistas.The private primary retreat is complete with its own fireplace, sitting area, and a spa-inspired bath featuring limestone floors, a soaking tub, dual water closets, and two walk-in closets.An attached casita offers flexible guest space with a separate sitting area, wet bar, and bedroom. A third bedroom is ensuite, while the fourth is currently configured as a custom home office with built-in desks.Additional highlights include a climate-controlled three-car garage, four new TRANE HVAC systems, and a Lutron Home Automation System. This is a rare opportunity to experience luxury, comfort, and privacy in a beautifully designed desert home. Contact for a private showing.","South-facing on over half an acre, this contemporary estate offers exceptional privacy and sweeping mountain views. A gated courtyard with manicured landscaping, paved walkway, and tranquil water feature set the tone for the home's refined design.Inside, soaring 14-foot coffered ceilings frame the formal living and dining areas, anchored by a see-through fireplace. Automated Fleetwood pocket doors create seamless indoor-outdoor living, opening to expansive entertaining spaces.The chef's kitchen flows effortlessly into the family room and features rich walnut cabinetry, a granite island, and Wolf, Thermador, and Sub-Zero appliances, along with a walk-in pantry. A casual dining area and dedicated bar overlook the lush grounds through walls of glass, while a second set of Fleetwood doors leads to a covered patio with fireplace, resort-style pool and spa, fruit trees, and stunning southwest mountain vistas.The private primary retreat is complete with its own fireplace, sitting area, and a spa-inspired bath featuring limestone floors, a soaking tub, dual water closets, and two walk-in closets.An attached casita offers flexible guest space with a separate sitting area, wet bar, and bedroom. A third bedroom is ensuite, while the fourth is currently configured as a custom home office with built-in desks.Additional highlights include a climate-controlled three-car garage, four new TRANE heating ventilation air conditioning systems, and a Lutron Home Automation System. This is a rare opportunity to experience luxury, comfort, and privacy in a beautifully designed desert home. Contact for a private showing.",True
1177741950,"Stunning New Custom-Built Home in the Heart of Victorville, CA.
Experience modern living at its finest in this brand-new custom-built 4 bedroom, 2 bathroom home located in the highly convenient and central area of Victorville, CA. Thoughtfully designed with quality finishes and commuter-friendly access, this home delivers comfort, style, and everyday practicality.

Step inside to find a bright, open layout featuring wood-style porcelain tile flooring, custom cabinetry, and elegant Quartzite countertops that elevate the kitchen and living spaces. The home is equipped with electric appliances and beautifully crafted custom bathrooms, offering a clean, contemporary feel throughout.

A spacious 3-car finished and insulated garage provides ample room for vehicles, storage, and projects, while the solar system adds energy efficiency and long-term savings. The durable tile roof completes the home with both longevity and curb appeal.

Located just minutes from shopping, restaurants, and freeway access, this property is ideal for commuters and anyone seeking convenience without sacrificing comfort or quality.

Key Features:

New custom construction

4 bedrooms, 2 bathrooms

3-car finished & insulated garage

Custom cabinets & Quartzite counters

Wood-style porcelain tile flooring

Electric appliances

Custom bathrooms

Solar system

Tile roof

Prime Victorville location near shopping, dining & freeway

This home blends craftsmanship, efficiency, and location into a standout opportunity.","Stunning New Custom-Built Home in the Heart of Victorville, CA. Experience modern living at its finest in this brand-new custom-built 4 bedroom, 2 bathroom home located in the highly convenient and central area of Victorville, CA. Thoughtfully designed with quality finishes and commuter-friendly access, this home delivers comfort, style, and everyday practicality. Step inside to find a bright, open layout featuring wood-style porcelain tile flooring, custom cabinetry, and elegant Quartzite countertops that elevate the kitchen and living spaces. The home is equipped with electric appliances and beautifully crafted custom bathrooms, offering a clean, contemporary feel throughout. A spacious 3-car finished and insulated garage provides ample room for vehicles, storage, and projects, while the solar system adds energy efficiency and long-term savings. The durable tile roof completes the home with both longevity and curb appeal. Located just minutes from shopping, restaurants, and freeway access, this property is ideal for commuters and anyone seeking convenience without sacrificing comfort or quality. Key Features: New custom construction 4 bedrooms, 2 bathrooms 3-car finished & insulated garage Custom cabinets & Quartzite counters Wood-style porcelain tile flooring Electric appliances Custom bathrooms Solar system Tile roof Prime Victorville location near shopping, dining & freeway This home blends craftsmanship, efficiency, and location into a standout opportunity.",True
1177044625,"This stunning Hollywood Regency-inspired home inside the gates of The Springs  represents the most compelling luxury value in Rancho Mirage. Optimized to captivate design purists, this rare property merges explosive dramatic aesthetics with a private backyard oasis featuring your own pool and peekaboo mountain views. Step inside this wonderful floor plan, which features 10-foot ceilings in the grand entertaining room with a fireplace and formal dining area. Features include tile flooring hand-laid in a striking diagonal pattern throughout most of the living area, mirrored accent walls, and a fully updated custom wet bar with a paneled front, premium quartz counters, a built-in sink, and dedicated wine refrigeration. The centerpiece is the masterfully executed chef's kitchen, featuring cabinetry in a two-tone tuxedo design. Bathed in natural light from a massive skylight, the kitchen features premium self-closing doors, dovetail drawers, crisp quartz counters, a counter-to-ceiling designer tile backsplash, and a full walk-in pantry. Elite culinary execution is guaranteed by a top-tier Bosch appliance package, including a 5-burner induction cooktop, all anchored by a wide peninsula bar top with a raised panel cabinet front. The seamless indoor-outdoor desert lifestyle flows effortlessly into a sun-drenched morning room, leading out to the private pool through expansive glass doors. All bedrooms feature updated, driftwood-colored wood-look flooring and custom plantation shutters. The expansive primary suite boasts a custom-organized walk-in closet and a timeless, preserved primary bath wrapped in classic marble flooring with double vanities and an oval soaking tub. Smart infrastructure upgrades include a new tankless hot water heater. Numerous other improvements are found throughout this delightful home. Offered at an irresistible, sub-million-dollar price point, this true designer styled showplace perfectly blends high-end updates with well-preserved original details. Experience an extraordinary country club lifestyle featuring the acclaimed 18-hole Desmond Muirhead championship golf course, premier tennis and pickleball, a state-of-the-art fitness center, exceptional dining, and a vibrant social scene. Ideally located in the heart of Rancho Mirage, this prestigious community offers the ultimate expression of refined desert living. Secure this magnificent turnkey footprint before it's gone.","This stunning Hollywood Regency-inspired home inside the gates of The Springs represents the most compelling luxury value in Rancho Mirage. Optimized to captivate design purists, this rare property merges explosive dramatic aesthetics with a private backyard oasis featuring your own pool and peekaboo mountain views. Step inside this wonderful floor plan, which features 10-foot ceilings in the grand entertaining room with a fireplace and formal dining area. Features include tile flooring hand-laid in a striking diagonal pattern throughout most of the living area, mirrored accent walls, and a fully updated custom wet bar with a paneled front, premium quartz counters, a built-in sink, and dedicated wine refrigeration. The centerpiece is the masterfully executed chef's kitchen, featuring cabinetry in a two-tone tuxedo design. Bathed in natural light from a massive skylight, the kitchen features premium self-closing doors, dovetail drawers, crisp quartz counters, a counter-to-ceiling designer tile backsplash, and a full walk-in pantry. Elite culinary execution is guaranteed by a top-tier Bosch appliance package, including a 5-burner induction cooktop, all anchored by a wide peninsula bar top with a raised panel cabinet front. The seamless indoor-outdoor desert lifestyle flows effortlessly into a sun-drenched morning room, leading out to the private pool through expansive glass doors. All bedrooms feature updated, driftwood-colored wood-look flooring and custom plantation shutters. The expansive primary suite boasts a custom-organized walk-in closet and a timeless, preserved primary bath wrapped in classic marble flooring with double vanities and an oval soaking tub. Smart infrastructure upgrades include a new tankless hot water heater. Numerous other improvements are found throughout this delightful home. Offered at an irresistible, sub-million-dollar price point, this true designer styled showplace perfectly blends high-end updates with well-preserved original details. Experience an extraordinary country club lifestyle featuring the acclaimed 18-hole Desmond Muirhead championship golf course, premier tennis and pickleball, a state-of-the-art fitness center, exceptional dining, and a vibrant social scene. Ideally located in the heart of Rancho Mirage, this prestigious community offers the ultimate expression of refined desert living. Secure this magnificent turnkey footprint before it's gone.",True
1190742941,"VOTED BEST COMMUNITY LIVING,  INCENTIVES OFFERED: Remarkable  gated opportunity in the sought-after community of Discovery Bay! This stunning single-story residence is perfectly situated on a desirable corner lot, offering both privacy and ample outdoor space. With an impressive 2340 square feet of luxurious living, this home features an exquisite design that seamlessly blends comfort and elegance. The property boasts 3 beautifully appointed bedrooms and 3 spa-like bathrooms, ensuring a perfect retreat for relaxation. The expansive open-concept living area is ideal for entertaining, showcasing high-end finishes and upgrades throughout. The modern kitchen is a chef's dream, equipped with top-of-the-line appliances, sleek cabinetry, and generous countertops that cater to all culinary endeavors. For auto enthusiasts, the three-car garage provides ample space for vehicles and storage. The backyard oasis is perfect for gatherings, complete with a beautifully landscaped yard and outdoor amenities that elevate the outdoor living experience. Located near fine dining, shopping, and recreational activities, this home truly represents the epitome of luxury living. Don't miss your chance to own this exceptional property in Discovery Bay, where every detail has been thoughtfully considered for your comfort and enjoyment.","VOTED BEST COMMUNITY LIVING, INCENTIVES OFFERED: Remarkable gated opportunity in the sought-after community of Discovery Bay! This stunning single-story residence is perfectly situated on a desirable corner lot, offering both privacy and ample outdoor space. With an impressive 2340 square feet of luxurious living, this home features an exquisite design that seamlessly blends comfort and elegance. The property boasts 3 beautifully appointed bedrooms and 3 spa-like bathrooms, ensuring a perfect retreat for relaxation. The expansive open-concept living area is ideal for entertaining, showcasing high-end finishes and upgrades throughout. The modern kitchen is a chef's dream, equipped with top-of-the-line appliances, sleek cabinetry, and generous countertops that cater to all culinary endeavors. For auto enthusiasts, the three-car garage provides ample space for vehicles and storage. The backyard oasis is perfect for gatherings, complete with a beautifully landscaped yard and outdoor amenities that elevate the outdoor living experience. Located near fine dining, shopping, and recreational activities, this home truly represents the epitome of luxury living. Don't miss your chance to own this exceptional property in Discovery Bay, where every detail has been thoughtfully considered for your comfort and enjoyment.",True
1166045326,"Nestled on a quiet cul-de-sac in the Hayward Hills, this stunning and thoughtfully updated home offers sweeping Bay and hillside views, abundant natural light, and a spacious, functional layout. Large windows frame breathtaking scenery while expansive living spaces and seamless indoor-outdoor flow create an inviting setting for everyday living and entertaining. The gourmet kitchen features granite countertops, stainless steel appliances, and modern recessed lighting, blending style with functionality. With 5 bedrooms, 3 bathrooms, and 3,238 sq ft of living space, there is room for everyone. Located near Cal State East Bay, parks, trails, and major commuter routes, and zoned for desirable Stonebrae Elementary School, this home offers a rare blend of privacy, convenience, and stunning natural surroundings in a community of newer homes.","Nestled on a quiet cul-de-sac in the Hayward Hills, this stunning and thoughtfully updated home offers sweeping Bay and hillside views, abundant natural light, and a spacious, functional layout. Large windows frame breathtaking scenery while expansive living spaces and seamless indoor-outdoor flow create an inviting setting for everyday living and entertaining. The gourmet kitchen features granite countertops, stainless steel appliances, and modern recessed lighting, blending style with functionality. With 5 bedrooms, 3 bathrooms, and 3238 square feet of living space, there is room for everyone. Located near Cal State East Bay, parks, trails, and major commuter routes, and zoned for desirable Stonebrae Elementary School, this home offers a rare blend of privacy, convenience, and stunning natural surroundings in a community of newer homes.",True
1173043504,"Investor Special – Tenant Occupied Through March 18, 2027 | Drive-By Only | No Interior Showings.
Excellent opportunity to acquire a newer construction investment property with stable tenancy already in place. Built in 2023, this well-maintained two-story home offers 3 bedrooms, 2.5 bathrooms, a 2-car garage, private driveway, and modern, low-maintenance living designed for today’s lifestyle.
The interior features upgraded flooring, a spacious main-level living area, central heating and air conditioning, a refrigerator included on the first floor, and a convenient upstairs laundry closet complete with washer and dryer. The home is also enhanced by owner-owned solar panels, providing long-term energy efficiency benefits.******
Ideally situated directly across from a community park with views of the surrounding hills, the property enjoys a highly desirable location within walking distance of shopping, restaurants, middle school, the Riverway Sports Park and less than one hour drive of Sequoia National Park.
Please note: ***** Property is tenant occupied with a lease in place through March 18, 2027. This offering is intended for investors seeking a turnkey income-producing asset. Drive-by viewing only. Do not disturb occupants. Interior showings will not be available. Buyer to cooperate with tenant rights and existing lease terms.*****
A rare opportunity to secure a newer investment property in a growing Visalia location with immediate rental income and strong long-term appeal.","Investor Special - Tenant Occupied Through March 18, 2027 | Drive-By Only | No Interior Showings. Excellent opportunity to acquire a newer construction investment property with stable tenancy already in place. Built in 2023, this well-maintained two-story home offers 3 bedrooms, 2.5 bathrooms, a 2-car garage, private driveway, and modern, low-maintenance living designed for today's lifestyle. The interior features upgraded flooring, a spacious main-level living area, central heating and air conditioning, a refrigerator included on the first floor, and a convenient upstairs laundry closet complete with washer and dryer. The home is also enhanced by owner-owned solar panels, providing long-term energy efficiency benefits.****** Ideally situated directly across from a community park with views of the surrounding hills, the property enjoys a highly desirable location within walking distance of shopping, restaurants, middle school, the Riverway Sports Park and less than one hour drive of Sequoia National Park. Please note: ***** Property is tenant occupied with a lease in place through March 18, 2027. This offering is intended for investors seeking a turnkey income-producing asset. Drive-by viewing only. Do not disturb occupants. Interior showings will not be available. Buyer to cooperate with tenant rights and existing lease terms.***** A rare opportunity to secure a newer investment property in a growing Visalia location with immediate rental income and strong long-term appeal.",True
1173207417,"Where the days get easier and the living gets bigger.
You know the feeling you're after. The one where the house stops asking things of you, and the day opens up instead — whether that day still holds a full calendar of work or not.
It starts slow here, even on a workday. Coffee in your own private yard, fully enclosed and quiet, a clear head before the first call. When the laptop finally closes, the day is yours to stack however you like — a spirited game of pickleball, then a few laps in the pool, easing into the warm water of the spa as the afternoon winds down. Other days it's a walk to the lake, the water running over the rocks and the path looping you home. And the clubhouse has a way of gathering everyone, so good company is always close by.
The home is the part you stop thinking about. One level, all of it — no stairs at the end of a long day, now or twenty years from now — nothing half-finished, nothing waiting on you. It's attached, but it lives like a house of its own: your own entry, your own garage that brings you right inside, your own walls. The main living space opens up bright and easy, the kind of room that hosts a dinner as simply as it holds a quiet Tuesday. And the second room earns its keep — a real office on the working days, a soft landing for guests on the others, or the studio for the thing you finally have time to do.
Past the front door, all of Rancho Mission Viejo is yours: resort pools and spas, tennis and bocce, fitness studios, a dog park, and trails climbing up into the hills. And as a 55+ resident in Gavilan, you have something more — the exclusive amenities reserved just for this community, with an all-new recreation destination opening soon that takes the whole experience to another level. An ordinary week starts to feel like being away, even when you haven't gone anywhere.
This is the version of these years you've been picturing — upkeep shrinking, life expanding, on your schedule and around your work. Lock the door, head out, and let the community carry the rest.
Move-in ready and low-maintenance, this lock-and-leave home offers work-from-home flex space and lives like a single-family residence in the 55+ Gavilan enclave of Rancho Mission Viejo, South Orange County.","Where the days get easier and the living gets bigger. You know the feeling you're after. The one where the house stops asking things of you, and the day opens up instead - whether that day still holds a full calendar of work or not. It starts slow here, even on a workday. Coffee in your own private yard, fully enclosed and quiet, a clear head before the first call. When the laptop finally closes, the day is yours to stack however you like - a spirited game of pickleball, then a few laps in the pool, easing into the warm water of the spa as the afternoon winds down. Other days it's a walk to the lake, the water running over the rocks and the path looping you home. And the clubhouse has a way of gathering everyone, so good company is always close by. The home is the part you stop thinking about. One level, all of it - no stairs at the end of a long day, now or twenty years from now - nothing half-finished, nothing waiting on you. It's attached, but it lives like a house of its own: your own entry, your own garage that brings you right inside, your own walls. The main living space opens up bright and easy, the kind of room that hosts a dinner as simply as it holds a quiet Tuesday. And the second room earns its keep - a real office on the working days, a soft landing for guests on the others, or the studio for the thing you finally have time to do. Past the front door, all of Rancho Mission Viejo is yours: resort pools and spas, tennis and bocce, fitness studios, a dog park, and trails climbing up into the hills. And as a 55+ resident in Gavilan, you have something more - the exclusive amenities reserved just for this community, with an all-new recreation destination opening soon that takes the whole experience to another level. An ordinary week starts to feel like being away, even when you haven't gone anywhere. This is the version of these years you've been picturing - upkeep shrinking, life expanding, on your schedule and around your work. Lock the door, head out, and let the community carry the rest. Move-in ready and low-maintenance, this lock-and-leave home offers work-from-home flex space and lives like a single-family residence in the 55+ Gavilan enclave of Rancho Mission Viejo, South Orange County.",True
1178699480,"Welcome to the highly sought-after Primrose Community in the heart of Quartz Hill! Built in 2024, this stunning 4-bedroom, 2-bathroom home offers 2,758 sq. ft. of thoughtfully designed living space with modern upgrades throughout. From the moment you arrive, you'll appreciate the low-maintenance desert landscaping and impressive curb appeal. Inside, you'll find an open, spacious floor plan featuring oversized bedrooms, a versatile bonus room/den perfect for a home office, game room, or media space, and stylish finishes that make this home truly move-in ready. The upgraded kitchen and living areas are designed for both everyday living and entertaining, while the paid-off solar system provides exceptional energy savings and long-term value. Every detail has been carefully selected to blend comfort, style, and functionality. Located in one of Quartz Hill's most desirable newer neighborhoods, this home offers the perfect combination of modern construction, generous living space, and a prime location. Opportunities like this don't come around often--schedule your private showing today!","Welcome to the highly sought-after Primrose Community in the heart of Quartz Hill! Built in 2024, this stunning 4-bedroom, 2-bathroom home offers 2758 square feet. of thoughtfully designed living space with modern upgrades throughout. From the moment you arrive, you'll appreciate the low-maintenance desert landscaping and impressive curb appeal. Inside, you'll find an open, spacious floor plan featuring oversized bedrooms, a versatile bonus room/den perfect for a home office, game room, or media space, and stylish finishes that make this home truly move-in ready. The upgraded kitchen and living areas are designed for both everyday living and entertaining, while the paid-off solar system provides exceptional energy savings and long-term value. Every detail has been carefully selected to blend comfort, style, and functionality. Located in one of Quartz Hill's most desirable newer neighborhoods, this home offers the perfect combination of modern construction, generous living space, and a prime location. Opportunities like this don't come around often--schedule your private showing today!",True
1155431405,"A quintessential mountain property that strikes the perfect balance between chalet charm and modern luxury. This is elevated Mountain Living in Lake Arrowhead at a reasonable price! Your Private Alpine Sanctuary Awaits. If you’ve been searching for that ""cabin in the woods"" feel without sacrificing modern comfort, this is the one. Nestled among towering, majestic pines, this wonderfully cared for and maintained property offers the serenity and privacy you’ve been dreaming of. Modern Comforts: This home has been thoughtfully curated with appropriate finishes and essential climate upgrades, ensuring year-round enjoyment: • Climate Controlled: Stay crisp and cool during the summer months with a brand-new, high-efficiency central air conditioning system—a rare and highly coveted feature in the mountains • Architectural Details: The open-concept floor plan is flooded with natural light, featuring soaring ceilings and all-new dual-pane windows and sliders that frame the stunning forest views • Warm & Inviting: Experience cozy winters by the wood burning fireplace, complemented by durable wood flooring throughout the main living areas. Furniture is included!!! The Location: Situated on a generous, oversized lot, the home is strategically set back from the road to provide an intimate, park-like setting. You’ll enjoy the ultimate peace of the forest while benefiting from practical mountain perks: • Full Lake Rights: Enjoy exclusive access to Lake Arrowhead’s private beaches, trails, and boating • Easy Access: Located on a quiet county-maintained, plowed road, ensuring effortless entry even after a fresh snowfall. Mountain pines surround every vantage point providing serene vistas from every window! A great price for an exceptional property!","A quintessential mountain property that strikes the perfect balance between chalet charm and modern luxury. This is elevated Mountain Living in Lake Arrowhead at a reasonable price! Your Private Alpine Sanctuary Awaits. If you've been searching for that ""cabin in the woods"" feel without sacrificing modern comfort, this is the one. Nestled among towering, majestic pines, this wonderfully cared for and maintained property offers the serenity and privacy you've been dreaming of. Modern Comforts: This home has been thoughtfully curated with appropriate finishes and essential climate upgrades, ensuring year-round enjoyment: Climate Controlled: Stay crisp and cool during the summer months with a brand-new, high-efficiency central air conditioning system-a rare and highly coveted feature in the mountains Architectural Details: The open-concept floor plan is flooded with natural light, featuring soaring ceilings and all-new dual-pane windows and sliders that frame the stunning forest views Warm & Inviting: Experience cozy winters by the wood burning fireplace, complemented by durable wood flooring throughout the main living areas. Furniture is included! The Location: Situated on a generous, oversized lot, the home is strategically set back from the road to provide an intimate, park-like setting. You'll enjoy the ultimate peace of the forest while benefiting from practical mountain perks: Full Lake Rights: Enjoy exclusive access to Lake Arrowhead's private beaches, trails, and boating Easy Access: Located on a quiet county-maintained, plowed road, ensuring effortless entry even after a fresh snowfall. Mountain pines surround every vantage point providing serene vistas from every window! A great price for an exceptional property!",True
1185560776,"Welcome to 5701 Faust Ave, a 3-bedroom, 3-bathroom home on a peaceful, tree-lined street in Lakewood. The spacious living room offers a comfortable space to relax or entertain wit a cozy fireplace, while the oversized primary bedroom serves as a true retreat with own en suite bathroom. Two additional bedrooms and bathrooms add flexibility for family and guests. Long driveway perfect for parking several cars or toys. Quiet, shaded streets and a strong sense of community make this Lakewood location hard to beat with convenience to award-winning schools, parks, shopping centers, and access to freeways.","Welcome to 5701 Faust avenue, a 3-bedroom, 3-bathroom home on a peaceful, tree-lined street in Lakewood. The spacious living room offers a comfortable space to relax or entertain wit a cozy fireplace, while the oversized primary bedroom serves as a true retreat with own en suite bathroom. Two additional bedrooms and bathrooms add flexibility for family and guests. Long driveway perfect for parking several cars or toys. Quiet, shaded streets and a strong sense of community make this Lakewood location hard to beat with convenience to award-winning schools, parks, shopping centers, and access to freeways.",True
1168750030,"3 Bed | 2 Bath | Approx. 1,415 SF | Lot ~6,965 SF (RD2 Zoning) Beautifully Renovated Home with Exceptional Development Potential. Fully renovated in 2021, this stunning 3-bedroom, 2-bath residence blends modern living with serious upside potential for future development or income generation. The property offers both immediate comfort and long-term value in one of Sherman Oaks' most convenient areas. Features & Upgrades: Comprehensive 2021 renovation with new bathrooms, new kitchen, new windows, new roof, new interior & exterior doors, new A/C system, new interior & exterior paint, and selective new flooring. Chef-inspired kitchen with granite countertops, subway-tile backsplash, center island, and dedicated beverage station including beer fridge + wine fridge. Over $35,000 in premium LG appliances, under-cabinet lighting, and recessed lighting throughout kitchen, family room, and primary bedroom. Primary bedroom includes wall-to-wall built-in closets and French doors leading to the backyard. Dedicated laundry room with new stackable washer & dryer. Spacious backyard offers ample room for entertaining  or expansion. Quiet neighborhood setting close to major freeways, shopping, and dining. ***Investment & Development Highlights: RD2 Zoning permits the construction of up to 3 full-size units, and the lot configuration supports additional ADUs and JADUs for even greater rental potential. The existing home provides immediate rental income while entitlements or permits are pursued.***  Disclaimer: Buyer to independently verify all information, including but not limited to square footage, lot size, zoning, and development potential with the City of Los Angeles and appropriate professionals.","3 Bed | 2 Bath | approximately. 1415 square feet | Lot ~6965 square feet (RD2 Zoning) Beautifully Renovated Home with Exceptional Development Potential. Fully renovated in 2021, this stunning 3-bedroom, 2-bath residence blends modern living with serious upside potential for future development or income generation. The property offers both immediate comfort and long-term value in one of Sherman Oaks' most convenient areas. Features & Upgrades: Comprehensive 2021 renovation with new bathrooms, new kitchen, new windows, new roof, new interior & exterior doors, new air conditioning system, new interior & exterior paint, and selective new flooring. Chef-inspired kitchen with granite countertops, subway-tile backsplash, center island, and dedicated beverage station including beer fridge + wine fridge. Over $35,000 in premium LG appliances, under-cabinet lighting, and recessed lighting throughout kitchen, family room, and primary bedroom. Primary bedroom includes wall-to-wall built-in closets and French doors leading to the backyard. Dedicated laundry room with new stackable washer & dryer. Spacious backyard offers ample room for entertaining or expansion. Quiet neighborhood setting close to major freeways, shopping, and dining. ***Investment & Development Highlights: RD2 Zoning permits the construction of up to 3 full-size units, and the lot configuration supports additional ADUs and JADUs for even greater rental potential. The existing home provides immediate rental income while entitlements or permits are pursued.*** Disclaimer: Buyer to independently verify all information, including but not limited to square footage, lot size, zoning, and development potential with the City of Los Angeles and appropriate professionals.",True
1178707711,"This 3-bedroom, 2-bath home offers character and a peaceful place to unwind, with strong bones and room to make it your own. The open kitchen flows easily into the family room, creating a relaxed, connected space for everyday living. An outdoor laundry room keeps interior living space open and uncluttered.

Step outside to a flat, private backyard made for slowing down — shaded by fruit trees, including productive lemon trees, with plenty of room to garden, unwind, or simply enjoy the quiet. Two storage sheds and a second detached structure keep the space tidy and functional, while a covered carport comfortably fits two vehicles.

Big-ticket peace of mind comes standard: a roof that's only 3 years young, sewer line work already completed, and solar that will be paid off at closing — so you can settle in without worrying about what's next.

A great fit for a first-time buyer, or anyone looking for a home with character, calm, and room to grow.","This 3-bedroom, 2-bath home offers character and a peaceful place to unwind, with strong bones and room to make it your own. The open kitchen flows easily into the family room, creating a relaxed, connected space for everyday living. An outdoor laundry room keeps interior living space open and uncluttered. Step outside to a flat, private backyard made for slowing down - shaded by fruit trees, including productive lemon trees, with plenty of room to garden, unwind, or simply enjoy the quiet. Two storage sheds and a second detached structure keep the space tidy and functional, while a covered carport comfortably fits two vehicles. Big-ticket peace of mind comes standard: a roof that's only 3 years young, sewer line work already completed, and solar that will be paid off at closing - so you can settle in without worrying about what's next. A great fit for a first-time buyer, or anyone looking for a home with character, calm, and room to grow.",True
1177910240,"A beautifully reimagined two-story residence tucked behind lush landscaping, this inviting home blends modern design with exceptional indoor-outdoor living. From the moment you arrive, the private, garden-like setting creates a welcoming retreat in the heart of Los Angeles.Inside, the bright open-concept floor plan is filled with natural light and features updated flooring, recessed lighting, dual-pane windows, and a stylish kitchen with custom cabinetry, updated countertops, stainless steel appliances, a butcher block island, and a walk-in pantry. Each bedroom features a walk-in closet, while a dedicated bonus office with additional storage offers the perfect space for working from home, hobbies, or everyday organization. Situated on an approximately 5,000 sq. ft. LAR2-zoned lot, the home's two-story design maximizes outdoor living space with a spacious backyard perfect for entertaining or relaxing. Additional highlights include a long driveway with parking for up to four vehicles, an EV charging outlet, reinforced foundation support, enhanced drainage, and solar security lighting. Conveniently located near Exposition Park, USC, public transportation, and major Los Angeles destinations, this home offers the perfect blend of privacy, comfort, and city convenience.","A beautifully reimagined two-story residence tucked behind lush landscaping, this inviting home blends modern design with exceptional indoor-outdoor living. From the moment you arrive, the private, garden-like setting creates a welcoming retreat in the heart of Los Angeles.Inside, the bright open-concept floor plan is filled with natural light and features updated flooring, recessed lighting, dual-pane windows, and a stylish kitchen with custom cabinetry, updated countertops, stainless steel appliances, a butcher block island, and a walk-in pantry. Each bedroom features a walk-in closet, while a dedicated bonus office with additional storage offers the perfect space for working from home, hobbies, or everyday organization. Situated on an approximately 5000 square feet. LAR2-zoned lot, the home's two-story design maximizes outdoor living space with a spacious backyard perfect for entertaining or relaxing. Additional highlights include a long driveway with parking for up to four vehicles, an EV charging outlet, reinforced foundation support, enhanced drainage, and solar security lighting. Conveniently located near Exposition Park, USC, public transportation, and major Los Angeles destinations, this home offers the perfect blend of privacy, comfort, and city convenience.",True
1118933491,"Discover the grandeur of the historic Mendenhall Estate, a fully restored and expanded home with Gold Rush-era roots located at the base of Palomar Mountain. Originally settled in 1879 as part of the Rancho Cuca Mexican land, this custom home features interior design elements that reflect the decor of the early 1900s. Once home to the Mendenhall cattle ranching family, the estate beautifully blends California history with modern luxury.  Spanning 5,469 square feet and nestled on 1.81 acres, the property includes 5 bedrooms/5 bathrooms.  The home has been completely remodeled and restored to its former glory, featuring top-of-the-line finishes throughout, including dazzling K9 crystal accents on chandeliers, doorknobs, and even hot/cold shower handles. Bathrooms feature Bluetooth-enabled sound systems and ambient overhead lighting with customizable color settings, bringing spa-like comfort into everyday living. In the upstairs primary suite, custom wall sconces add a warm, designer touch to both the bedroom and bath, elevating the ambiance and craftsmanship throughout. The poured concrete walls provide insulation and tranquility, while tons of windows offer an abundance of natural light and stunning mountain views. The main level features Brazilian travertine floors, 3 bedrooms (with a primary en-suite), 2 bathrooms, an office, a sunroom, 2 fireplaces, and direct access to the thermal-pane heated pool and a yard inspired by English gardens. The chef's kitchen impresses with natural quartzite countertops and premium appliances, including Miele, Bosch, Fisher Paykel, and appliance garages. Additionally, there is a spacious secondary kitchen that offers ample counter space for food preparation with plenty of cabinets for storage.  The newly permitted top floor offers 1,752 square feet of living space, which includes two bedrooms, two bathrooms, and a loft area. It features beautiful cedar ceilings and luxurious Italian marble vanities, and the flooring is luxury vinyl planks that are waterproof. The remodeled upstairs has a primary suite that boasts a spacious bathroom with a jetted tub, set in a custom-designed alcove. Additionally, there are roomy his-and-her walk-in closets that allow for personalized storage solutions. Plus, in the closet, you'll also find washer-dryer hookups along with space for a folding table. The primary bedroom is generously sized and showcases an antique stained-glass window from a church dating back to the 1800s. This top floor has its own dedicated water heater, ensuring instant hot water through a recirculating line to the guest bathroom. Additionally, the primary bedroom is equipped with a beverage refrigerator and a marble-topped coffee bar. All toilets throughout the home are from the Toto brand. The 605 square foot finished walkout basement comprises a living space, a bathroom, laundry facilities, 4 windows, AC/heating, and a private entry. There are two staircases on each side of the house to access the upper quarters.  Other features include plantation shutters, coffered ceilings, and a French Empire Crystal Chandelier. The estate also features 55 paid-for and owned solar panels and a producing well that sources Palomar Mountain spring water. No more high utility bills!  All these provide an eco-efficient estate living. Additional highlights include a new septic system installed in 2025 (with a 1,500-gallon tank and 150 feet of additional leech lines), a newer 3D Corning roof & Designer gutters that consist of custom copper-colored seamless gutters, including leaf guards, and antique downspouts. The upstairs has a new advanced HVAC system with 3 new split systems. The property is adorned with numerous fruit-bearing trees and includes an antique 40-foot Fruehauf trailer for storage. There is also an RV dump station. This estate is a rare and luxurious blend of history and modern convenience, awaiting a discerning buyer. It offers both seclusion and convenience. Enjoy the crisp mountain air, s","Discover the grandeur of the historic Mendenhall Estate, a fully restored and expanded home with Gold Rush-era roots located at the base of Palomar Mountain. Originally settled in 1879 as part of the Rancho Cuca Mexican land, this custom home features interior design elements that reflect the decor of the early 1900s. Once home to the Mendenhall cattle ranching family, the estate beautifully blends California history with modern luxury. Spanning 5,469 square feet and nestled on 1.81 acres, the property includes 5 bedrooms/5 bathrooms. The home has been completely remodeled and restored to its former glory, featuring top-of-the-line finishes throughout, including dazzling K9 crystal accents on chandeliers, doorknobs, and even hot/cold shower handles. Bathrooms feature Bluetooth-enabled sound systems and ambient overhead lighting with customizable color settings, bringing spa-like comfort into everyday living. In the upstairs primary suite, custom wall sconces add a warm, designer touch to both the bedroom and bath, elevating the ambiance and craftsmanship throughout. The poured concrete walls provide insulation and tranquility, while tons of windows offer an abundance of natural light and stunning mountain views. The main level features Brazilian travertine floors, 3 bedrooms (with a primary en-suite), 2 bathrooms, an office, a sunroom, 2 fireplaces, and direct access to the thermal-pane heated pool and a yard inspired by English gardens. The chef's kitchen impresses with natural quartzite countertops and premium appliances, including Miele, Bosch, Fisher Paykel, and appliance garages. Additionally, there is a spacious secondary kitchen that offers ample counter space for food preparation with plenty of cabinets for storage. The newly permitted top floor offers 1,752 square feet of living space, which includes two bedrooms, two bathrooms, and a loft area. It features beautiful cedar ceilings and luxurious Italian marble vanities, and the flooring is luxury vinyl planks that are waterproof. The remodeled upstairs has a primary suite that boasts a spacious bathroom with a jetted tub, set in a custom-designed alcove. Additionally, there are roomy his-and-her walk-in closets that allow for personalized storage solutions. Plus, in the closet, you'll also find washer-dryer hookups along with space for a folding table. The primary bedroom is generously sized and showcases an antique stained-glass window from a church dating back to the 1800s. This top floor has its own dedicated water heater, ensuring instant hot water through a recirculating line to the guest bathroom. Additionally, the primary bedroom is equipped with a beverage refrigerator and a marble-topped coffee bar. All toilets throughout the home are from the Toto brand. The 605 square foot finished walkout basement comprises a living space, a bathroom, laundry facilities, 4 windows, air conditioning/heating, and a private entry. There are two staircases on each side of the house to access the upper quarters. Other features include plantation shutters, coffered ceilings, and a French Empire Crystal Chandelier. The estate also features 55 paid-for and owned solar panels and a producing well that sources Palomar Mountain spring water. No more high utility bills! All these provide an eco-efficient estate living. Additional highlights include a new septic system installed in 2025 (with a 1,500-gallon tank and 150 feet of additional leech lines), a newer 3D Corning roof & Designer gutters that consist of custom copper-colored seamless gutters, including leaf guards, and antique downspouts. The upstairs has a new advanced heating ventilation air conditioning system with 3 new split systems. The property is adorned with numerous fruit-bearing trees and includes an antique 40-foot Fruehauf trailer for storage. There is also an RV dump station. This estate is a rare and luxurious blend of history and modern convenience, awaiting a discerning buyer. It offers both seclusion and convenience. Enjoy the crisp mountain air, s",True
1152178328,"Charming Desert Hideaway with Pool, Spa & Mountain Views Welcome to this beautifully maintained custom-built home located in the highly desirable Harmony Acres neighborhood of Twentynine Palms. Offering over 1,800 square feet of comfortable living space, this 3-bedroom, 2-bath residence blends character, quality, and true desert charm. Built in 1992 and lovingly cared for, the home is in excellent condition and features unique architectural elements throughout. The main living area showcases a stunning cathedral-style vaulted ceiling that rises to a dramatic central peak, creating a spacious, open feel with striking visual appeal—a true centerpiece of the home. Designed to capture the essence of desert living, the home offers a seamless indoor-outdoor connection. Expansive windows from both the living room and kitchen frame the sparkling pool and spa, drawing your eye outside and creating the feeling that the outdoor space is part of the home itself—perfect for entertaining or simply enjoying peaceful desert days and evenings. Inside, you’ll also find a distinctive round bar, adding character and a great space to gather with friends and family, along with a functional and inviting layout designed for everyday living. Step outside to your private backyard retreat featuring a gunite pool and relaxing jacuzzi, surrounded by block walls for privacy and set against beautiful mountain views. Whether you're hosting guests or unwinding under the desert sky, this space offers the ideal setting. Additional highlights include a durable tile roof and a spacious 3-car garage, providing ample room for vehicles, storage, or hobbies. Conveniently located yet tucked away for privacy, this home is just one block from the well-known Huell Howser Estate, approximately 20 minutes to Joshua Tree National Park and the Village, 1 hour to Palm Springs, and about 2 hours to Big Bear Lake. Twentynine Palms continues to grow and attract attention, now home to the exciting Tortoise Rock Casino. Whether you’re searching for a full-time residence, vacation home, or investment opportunity, this one-of-a-kind property is a must-see. Schedule your private showing today and experience this exceptional desert retreat for yours","Charming Desert Hideaway with Pool, Spa & Mountain Views Welcome to this beautifully maintained custom-built home located in the highly desirable Harmony Acres neighborhood of Twentynine Palms. Offering over 1,800 square feet of comfortable living space, this 3-bedroom, 2-bath residence blends character, quality, and true desert charm. Built in 1992 and lovingly cared for, the home is in excellent condition and features unique architectural elements throughout. The main living area showcases a stunning cathedral-style vaulted ceiling that rises to a dramatic central peak, creating a spacious, open feel with striking visual appeal-a true centerpiece of the home. Designed to capture the essence of desert living, the home offers a seamless indoor-outdoor connection. Expansive windows from both the living room and kitchen frame the sparkling pool and spa, drawing your eye outside and creating the feeling that the outdoor space is part of the home itself-perfect for entertaining or simply enjoying peaceful desert days and evenings. Inside, you'll also find a distinctive round bar, adding character and a great space to gather with friends and family, along with a functional and inviting layout designed for everyday living. Step outside to your private backyard retreat featuring a gunite pool and relaxing jacuzzi, surrounded by block walls for privacy and set against beautiful mountain views. Whether you're hosting guests or unwinding under the desert sky, this space offers the ideal setting. Additional highlights include a durable tile roof and a spacious 3-car garage, providing ample room for vehicles, storage, or hobbies. Conveniently located yet tucked away for privacy, this home is just one block from the well-known Huell Howser Estate, approximately 20 minutes to Joshua Tree National Park and the Village, 1 hour to Palm Springs, and about 2 hours to Big Bear Lake. Twentynine Palms continues to grow and attract attention, now home to the exciting Tortoise Rock Casino. Whether you're searching for a full-time residence, vacation home, or investment opportunity, this one-of-a-kind property is a must-see. Schedule your private showing today and experience this exceptional desert retreat for yours",True
1179276216,"Welcome to Ironridge at Metro Heights, a new home community located in Montebello, CA which is approximately 20 minutes from downtown LA. Unit 503 is a new construction luxury condo located on the second floor. The Glenn floor plan features 3 bedrooms with 2 bathrooms a 2-car garage and is 1,447 sqft. Upon entering the home, you walk into the open floor plan,  which leads into kitchen. The kitchen features a kitchen island with a stainless-steel sink and Whirlpool appliances. The primary bedroom suite provides a beautiful walk-in closet and a spa like bath with a dual sink vanity. Highlights of this home are the 10ft. high ceilings throughout, and an upgraded interior insulation package, and a multi-slide stacked door leading to the  expansive balcony. The community amenities include multiple pocket parks, a walking trail, an attended front gate, and a 10,000 square foot community center with two pools, cabanas, multiple outdoor kitchens, office space, private areas for parties and a fitness center. Conveniently located near Montebello Shopping Center, the 60 and 605 freeways, and a variety of dining options. Unit 503 has an estimated closing date in November 2026. Photos provided are renderings, actual home is under construction.","Welcome to Ironridge at Metro Heights, a new home community located in Montebello, CA which is approximately 20 minutes from downtown LA. Unit 503 is a new construction luxury condominium located on the second floor. The Glenn floor plan features 3 bedrooms with 2 bathrooms a 2-car garage and is 1447 square feet. Upon entering the home, you walk into the open floor plan, which leads into kitchen. The kitchen features a kitchen island with a stainless-steel sink and Whirlpool appliances. The primary bedroom suite provides a beautiful walk-in closet and a spa like bath with a dual sink vanity. Highlights of this home are the 10ft. high ceilings throughout, and an upgraded interior insulation package, and a multi-slide stacked door leading to the expansive balcony. The community amenities include multiple pocket parks, a walking trail, an attended front gate, and a 10,000 square foot community center with two pools, cabanas, multiple outdoor kitchens, office space, private areas for parties and a fitness center. Conveniently located near Montebello Shopping Center, the 60 and 605 freeways, and a variety of dining options. Unit 503 has an estimated closing date in November 2026. Photos provided are renderings, actual home is under construction.",True
1152588303,"Quiet front of building two-bedroom, 1-1/2 bath unit conveniently located in West LA.  Near UCLA, minutes from the beach with walking access to shopping, dining, and other entertainment as well as transit. Building has a security gate and gated covered parking. This corner unit includes two large bedrooms with generous walk-in closets. A sizable balcony off of the primary bedroom provides a place to relax and enjoy the view; balcony floor was redone last year. Big windows in every room, including both bathrooms, bring in abundant natural light throughout. Ceilings are approximately 12 feet, giving a spacious and open feel. The ample living area include a large storage closet, and a linen closet near the bedrooms. Additional locked storage is located in front parking area. Kitchen and bathrooms have hand-laid tile floors. Unit is part of a well-maintained, cozy 16-unit complex with most of the units customized. Just needs some refreshening to be an ideal first home.","Quiet front of building two-bedroom, 1-1/2 bath unit conveniently located in West LA. Near UCLA, minutes from the beach with walking access to shopping, dining, and other entertainment as well as transit. Building has a security gate and gated covered parking. This corner unit includes two large bedrooms with generous walk-in closets. A sizable balcony off of the primary bedroom provides a place to relax and enjoy the view; balcony floor was redone last year. Big windows in every room, including both bathrooms, bring in abundant natural light throughout. Ceilings are approximately 12 feet, giving a spacious and open feel. The ample living area include a large storage closet, and a linen closet near the bedrooms. Additional locked storage is located in front parking area. Kitchen and bathrooms have hand-laid tile floors. Unit is part of a well-maintained, cozy 16-unit complex with most of the units customized. Just needs some refreshening to be an ideal first home.",True
